_id,hostname,startTime,pid
LAPTOP-2LE52FCO-1663562611692,LAPTOP-2LE52FCO,2022-09-19T04:43:31.000Z,7164
LAPTOP-2LE52FCO-1663829064807,LAPTOP-2LE52FCO,2022-09-22T06:44:24.000Z,4372
LAPTOP-2LE52FCO-1663907048220,LAPTOP-2LE52FCO,2022-09-23T04:24:08.000Z,4696
LAPTOP-2LE52FCO-1665680495378,LAPTOP-2LE52FCO,2022-10-13T17:01:35.000Z,3976
LAPTOP-2LE52FCO-1669779892719,LAPTOP-2LE52FCO,2022-11-30T03:44:52.000Z,3880
LAPTOP-2LE52FCO-1672054948153,LAPTOP-2LE52FCO,2022-12-26T11:42:28.000Z,4072
LAPTOP-2LE52FCO-1672225995792,LAPTOP-2LE52FCO,2022-12-28T11:13:15.000Z,4056
LAPTOP-2LE52FCO-1672226051304,LAPTOP-2LE52FCO,2022-12-28T11:14:11.000Z,4068
LAPTOP-2LE52FCO-1674071265293,LAPTOP-2LE52FCO,2023-01-18T19:47:45.000Z,4004
LAPTOP-2LE52FCO-1675586824103,LAPTOP-2LE52FCO,2023-02-05T08:47:04.000Z,4444
LAPTOP-2LE52FCO-1675864204971,LAPTOP-2LE52FCO,2023-02-08T13:50:04.000Z,3696
LAPTOP-2LE52FCO-1677937676786,LAPTOP-2LE52FCO,2023-03-04T13:47:56.000Z,4072
LAPTOP-2LE52FCO-1679377985330,LAPTOP-2LE52FCO,2023-03-21T05:53:05.000Z,4960
LAPTOP-2LE52FCO-1680526201325,LAPTOP-2LE52FCO,2023-04-03T12:50:01.000Z,4216
LAPTOP-2LE52FCO-1681138961255,LAPTOP-2LE52FCO,2023-04-10T15:02:41.000Z,3936
LAPTOP-2LE52FCO-1681140731834,LAPTOP-2LE52FCO,2023-04-10T15:32:11.000Z,4324
LAPTOP-2LE52FCO-1683039454021,LAPTOP-2LE52FCO,2023-05-02T14:57:34.000Z,4492
LAPTOP-2LE52FCO-1684998260602,LAPTOP-2LE52FCO,2023-05-25T07:04:20.000Z,4428
LAPTOP-2LE52FCO-1685201409953,LAPTOP-2LE52FCO,2023-05-27T15:30:09.000Z,3912
LAPTOP-2LE52FCO-1685519932281,LAPTOP-2LE52FCO,2023-05-31T07:58:52.000Z,4140
LAPTOP-2LE52FCO-1685949726092,LAPTOP-2LE52FCO,2023-06-05T07:22:06.000Z,4688
gow-1686543464704,gow,2023-06-12T04:17:44.000Z,5468
gow-1687495793321,gow,2023-06-23T04:49:53.000Z,4172
gow-1690524803933,gow,2023-07-28T06:13:23.000Z,4080
gow-1691484085256,gow,2023-08-08T08:41:25.000Z,4556
gow-1691588261788,gow,2023-08-09T13:37:41.000Z,4320
gow-1692262634445,gow,2023-08-17T08:57:14.000Z,4560
